person_odid,display_name,sex,name_prefix,first_name,middle_names,last_name,name_suffix,professional_first_names,professional_last_names
510401,Sandra Bullock,Female,,Sandra,Annette,Bullock,,Sandra,Bullock
560401,Robert De Niro,Male,,Robert,Anthony,De Niro,,Robert,De Niro
610401,Morgan Freeman,Male,,Morgan,,Freeman,,Morgan,Freeman
830401,Bruce Willis,Male,,Walter,Bruce,Willis,,Bruce,Willis
1000401,Richard Dreyfuss,Male,,Richard,Stephen,Dreyfuss (né Dreyfus),,Richard,Dreyfuss
1360401,Mary-Louise Parker,Female,,,,,,Mary-Louise,Parker
3230401,Carlos Alazraqui,Male,,,,,,Carlos,Alazraqui
4790401,Joe Anderson,Male,,,,,,Joe,Anderson
5860401,Deborah Aquila,Female,,,,,,Deborah,Aquila
7670401,John August,,,,,,,John,August
10120401,Kerry Barden,,,,,,,Kerry,Barden
14200401,Charlie Bewley,,,,,,,Charlie,Bewley
14590401,Pepper Binkley,,,,,,,Pepper,Binkley
14790401,Gil Birmingham,Male,,,,,,Gil,Birmingham
17140401,Kate Bosworth,Female,,,,,,Kate,Bosworth
17560401,Marty Bowen,,,,,,,Marty,Bowen
17590401,Jamie Campbell Bower,,,,,,,Jamie Campbell,Bower
18700401,Patrick Brennan,,,,,,,Patrick,Brennan
19080401,Cameron Bright,Male,,,,,,Cameron,Bright
21180401,MyAnna Buring,,,,,,,MyAnna,Buring
21220401,Billy Burke,Male,,,,,,Billy,Burke
21830401,Tim Burton,Male,,Timothy,Walter,Burton,,Tim,Burton
23030401,Christian Camargo,,,,,,,Christian,Camargo
24120401,Steve Carell,Male,,Steven,John,Carell,,Steve,Carell
25360401,Francesco Casisa,,,,,,,Francesco,Casisa
28090401,Justin Chon,Male,,Justin,Jitae,Chon,,Justin,Chon
28560401,Thomas Haden Church,Male,,,,,,Thomas Haden,Church
29110401,Sarah Clarke,Female,,,,,,Sarah,Clarke
30530401,Lynn Collins,Female,,,,,,Lynn,Collins
30950401,Bill Condon,Male,,,,,,Bill,Condon
31070401,"Harry Connick, Jr.",Male,,,,,,Harry,"Connick, Jr."
31150401,Frances Conroy,Female,,,,,,Frances,Conroy
31310401,Steve Coogan,Male,,,,,,Steve,Coogan
32780401,Brian Cox,Male,,,,,,Brian,Cox
33120401,Bryan Cranston,Male,,,,,,Bryan,Cranston
34070401,Daniel Cudmore,Male,,,,,,Daniel,Cudmore
34260401,Benedict Cumberbatch,Male,,,,,,Benedict,Cumberbatch
34800401,Veronica D'Agostino,Female,,,,,,Veronica,D'Agostino
35070401,Willem Dafoe,Male,,William,J.,Dafoe,,Willem,Dafoe
35940401,Eric Darnell,Male,,,,,,Eric,Darnell
40570401,Dagmara Dominczyk,,,,,,,Dagmara,Dominczyk
45980401,Peter Facinelli,Male,,,,,,Peter,Facinelli
46320401,Dakota Fanning,Female,,,,,,Dakota,Fanning
46490401,Bill Farmer,Male,,,,,,Bill,Farmer
47510401,Conchata Ferrell,,,,,,,Conchata,Ferrell
48520401,Noel Fisher,Male,,,,,,Noel,Fisher
48810401,James Fitzpatrick,Male,,,,,,James,Fitzpatrick
52350401,Nathan Gamble,,,,,,,Nathan,Gamble
56520401,Kiowa Gordon,,,,,,,Kiowa,Gordon
56630401,Seth Gordon,Male,,,,,,Seth,Gordon
56780401,Tommy Gormley,Male,,,,,,Tommy,Gormley
57110401,Maggie Grace,Female,,,,,,Maggie,Grace
57910401,Ashley Greene,,,,,,,Ashley,Greene
59240401,Nicholas Guest,,,,,,,Nicholas,Guest
60930401,Jon Hamm,Male,,Jonathan,Daniel,Hamm,,Jon,Hamm
61830401,Jess Harnell,Female,,,,,,Jess,Harnell
63830401,Jessica Hecht,,,,,,,Jessica,Hecht
64010401,Tracey Heggins,,,,,,,Tracey,Heggins
65080401,Werner Herzog,Male,,,,,,Werner,Herzog
65300401,Christopher Heyerdahl,,,,,,,Christopher,Heyerdahl
65970401,Ciaran Hinds,Male,,,,,,Ciaran,Hinds
67880401,Tyson Houseman,Male,,,,,,Tyson,Houseman
69260401,Danny Huston,Male,,,,,,Danny,Huston
70940401,Gillian Jacobs,Female,,Gillian,MacLaren,Jacobs,,Gillian,Jacobs
71460401,Allison Janney,Female,,,,,,Allison,Janney
72050401,Ken Jeong,Male,,,,,,Ken,Jeong
73970401,Milla Jovovich,Female,,,,,,Milla,Jovovich
74070401,Ashley Judd,Female,,,,,,Ashley,Judd
75500401,Virginia Katz,Female,,,,,,Virginia,Katz
75920401,Michael Keaton,Male,,Michael,John,Douglas,,Michael,Keaton
76630401,Anna Kendrick,Female,,Anna,Cooke,Kendrick,,Anna,Kendrick
76780401,Tom Kenny,Male,,,,,,Tom,Kenny
78480401,Taylor Kitsch,Male,,,,,,Taylor,Kitsch
79480401,Tinsel Korey,,,,,,,Tinsel,Korey
80010401,Ronna Kress,Female,,,,,,Ronna,Kress
80150401,Kris Kristofferson,Male,,Kristoffer,,Kristofferson,,Kris,Kristofferson
81440401,Tony Lamberti,Male,,,,,,Tony,Lamberti
81590401,Martin Landau,Male,,Martin,,Landau,,Martin,Landau
82690401,Taylor Lautner,Male,,,,,,Taylor,Lautner
85630401,Richard Libertini,Male,,,,,,Richard,Libertini
88750401,Kellan Lutz,Male,,,,,,Kellan,Lutz
89070401,Sherry Lynn,Female,,,,,,Sherry,Lynn
89100401,Melanie Lynskey,Female,,,,,,Melanie,Lynskey
89350401,Marc Macaulay,,,,,,,Marc,Macaulay
90170401,Mia Maestro,Female,,,,,,Mia,Maestro
90840401,Rami Malek,Male,,Rami,Said,Malek,,Rami,Malek
90980401,John Malkovich,Male,,,,,,John,Malkovich
91500401,Danny Mann,Male,,,,,,Danny,Mann
92690401,Mona Marshall,Female,,,,,,Mona,Marshall
92700401,Naaman Marshall,Male,,,,,,Naaman,Marshall
95940401,Mickie McGowan,Female,,,,,,Mickie,McGowan
96590401,Ray McKinnon,,,,,,,Ray,McKinnon
96760401,Julian McMahon,Male,,,,,,Julian,McMahon
98060401,Alex Meraz,,,,,,,Alex,Meraz
98490401,Omar Metwally,,,,,,,Omar,Metwally
99800401,Michael Minkler,Male,,,,,,Michael,Minkler
100010401,Helen Mirren,Female,Dame,Helen,Lydia,Mirren (née Mironoff),,Helen,Mirren
100350401,Katy Mixon,,,,,,,Katy,Mixon
101240401,Greg Mooradian,Male,,,,,,Greg,Mooradian
101980401,Mark Morgan,Male,,,,,,Mark,Morgan
102550401,Samantha Morton,Female,,,,,,Samantha,Morton
104670401,Guillermo Navarro,,,,,,,Guillermo,Navarro
105520401,Laraine Newman,Female,,,,,,Laraine,Newman
106800401,Edward Norton,Male,,,,,,Edward,Norton
107120401,Andy Nyman,,,,,,,Andy,Nyman
107760401,Catherine O'Hara,Female,,,,,,Catherine,O'Hara
108830401,Ty Olsson,,,,,,,Ty,Olsson
109300401,Guy Oseary,Male,,,,,,Guy,Oseary
109520401,Paul N. J. Ottosson,Male,,,,,,Paul N. J.,Ottosson
109780401,Lee Pace,Male,,,,,,Lee,Pace
110720401,J.D. Pardo,,,,,,,J.D.,Pardo
111670401,Alexandra Patsavas,,,,,,,Alexandra,Patsavas
111800401,Robert Pattinson,Male,,,,,,Robert,Pattinson
112540401,Bronson Pelletier,Male,,,,,,Bronson,Pelletier
112850401,Juan Peralta,Male,,,,,,Juan,Peralta
113580401,Michael Peyser,Male,,,,,,Michael,Peyser
114180401,Rebecca Pidgeon,,,,,,,Rebecca,Pidgeon
116080401,Andrea Powell,,,,,,,Andrea,Powell
117150401,James Purefoy,Male,,,,,,James,Purefoy
118760401,Jackson Rathbone,Male,,Monroe,Jackson,Rathbone,,Jackson,Rathbone
119260401,Elizabeth Reaser,Female,,,,,,Elizabeth,Reaser
119550401,Nikki Reed,Female,,Nicole,Houston,Reed,,Nikki,Reed
120130401,James Remar,Male,,,,,,James,Remar
121270401,Andy Richter,Male,,,,,,Andy,Richter
124020401,Karen Rosenfelt,Female,,,,,,Karen,Rosenfelt
124830401,Mayes C. Rubeo,Female,,,,,,Mayes C.,Rubeo
125310401,Geoffrey Rush,Male,,,,,,Geoffrey,Rush
125870401,Winona Ryder,Female,,,,,,Winona,Ryder
125960401,Daryl Sabara,,,,,,,Daryl,Sabara
126650401,Hiroyuki Sanada,Male,,,,,,Hiroyuki,Sanada
126780401,Chris Sanders,,,,,,,Chris,Sanders
127440401,Jennifer Saunders,Female,,,,,,Jennifer,Saunders
127800401,Christopher Scarabosio,,,,,,,Christopher,Scarabosio
129740401,Michael Semanick,Male,,,,,,Michael,Semanick
129960401,Christian Serratos,Female,,,,,,Christian,Serratos
131010401,Michael Sheen,Male,,Michael,Christopher,Sheen,,Michael,Sheen
131710401,Martin Short,Male,,,,,,Martin,Short
133700401,Charles Martin Smith,Male,,Charles,Martin,Smith,,Charles Martin,Smith
135330401,Chaske Spencer,,,,,,,Chaske,Spencer
136090401,Andrew Stanton,Male,,Andrew,,Stanton,,Andrew,Stanton
136870401,Mindy Sterling,,,,,,,Mindy,Sterling
136920401,Frances Sternhagen,Female,,,,,,Frances,Sternhagen
136950401,Rob Stevenhagen,Male,,,,,,Rob,Stevenhagen
137280401,Kristen Stewart,Female,,Kristen,Jaymes,Stewart,,Kristen,Stewart
137680401,Corey Stoll,Male,,,,,,Corey,Stoll
137900401,Peter Stormare,Male,,,,,,Peter,Stormare
138310401,Mark Strong,Male,,Mark (née Marco),Giuseppe,Strong (née Salussolia),,Mark,Strong
138320401,Tara Strong,Female,,,,,,Tara,Strong
139810401,Charlie Tahan,,,,,,,Charlie,Tahan
140990401,Lee Tergesen,,,,,,,Lee,Tergesen
145090401,Karl Urban,Male,,,,,,Karl,Urban
145280401,Mark Vahradian,Male,,,,,,Mark,Vahradian
146710401,Conrad Vernon,Male,,,,,,Conrad,Vernon
148170401,Polly Walker,,,,,,,Polly,Walker
150520401,Michael Welch,,,,,,,Michael,Welch
150900401,Dominic West,Male,,,,,,Dominic,West
151330401,Ashley White,,,,,,,Ashley,White
151610401,Tim White,,,,,,,Tim,White
154560401,Tricia Wood,Female,,,,,,Tricia,Wood
155750401,David Yates,Male,,,,,,David,Yates
157570401,Eric Zumbrunnen,Male,,,,,,Eric,Zumbrunnen
163420401,Tony Bentley,Male,,,,,,Tony,Bentley
163740401,Wendell Pierce,,,,,,,Wendell,Pierce
164410401,Paul Jennings,,,,,,,Paul,Jennings
166740401,Lori Alan,,,,,,,Lori,Alan
166760401,John Cygan,Male,,John,,Cygan,,John,Cygan
166770401,Jan Rabson,,,,,,,Jan,Rabson
167760401,Julia Jones,,,,,,,Julia,Jones
168150401,Alex Rice,,,,,,,Alex,Rice
168160401,Booboo Stewart,Male,,Nils,Allen,Stewart,,Booboo,Stewart
168580401,Hope Levy,,,,,,,Hope,Levy
168750401,Lateef Crowder,,,,,,,Lateef,Crowder
170270401,Michael Beattie,Male,,,,,,Michael,Beattie
171080401,Zoe Sloane,Male,,Zoe,,Sloane,,Zoe,Sloane
171090401,Sammual Soifer,Male,,Sammual,,Soifer,,Sammual,Soifer
171100401,Jade Viggiano,Female,,Jade,,Viggiano,,Jade,Viggiano
171110401,Amancaya Aguilar,Female,,Amancaya,,Aguilar,,Amancaya,Aguilar
171120401,Carl Alleyne,Male,,Carl,,Alleyne,,Carl,Alleyne
171250401,Adesuwa Addy Iyare,Female,,Adesuwa,Addy,Iyare,,Adesuwa Addy,Iyare
171260401,Andrew Greiche,Male,,Andrew,,Greiche,,Andrew,Greiche
171270401,Greg Crowe,Male,,Greg,,Crowe,,Greg,Crowe
171280401,Jalani McNair,Male,,Jalani,,McNair,,Jalani,McNair
171290401,Kelli Chaves,Female,,Kelli,,Chaves,,Kelli,Chaves
171300401,Kellie Gerardi,Female,,Kellie,,Gerardi,,Kellie,Gerardi
171310401,Alyssa Wheeldon,Female,,Alyssa,,Wheeldon,,Alyssa,Wheeldon
171320401,James Leibow,Male,,James,,Leibow,,James,Leibow
171340401,Michael MacAllister,Male,,Michael ,,MacAllister,,Michael,MacAllister
171460401,Mike Pniewski,Male,,Mike,,Pniewski,,Mike,Pniewski
171820401,Gerard Jugnot,Male,,Gerard,,Jugnot,,Gerard,Jugnot
171830401,Marcello Mazzarella,Male,,Marcello ,,Mazzarella,,Marcello,Mazzarella
171840401,Mario Pupella,Male,,Mario ,,Pupella,,Mario,Pupella
171860401,Miriana Faja,,,Miriana,,Faja,,Miriana,Faja
171870401,Lucio Sardo,Male,,Sardo,,Lucio,,Sardo,Lucio
171890401,Paolo Briguglia,Male,,Paolo,,Briguglia,,Paolo,Briguglia
171900401,Carmelo Galati,Male,,Galati,,Carmelo,,Galati,Carmelo
172780401,Magaly Solier,Female,,Magaly,,Solier,,Magaly,Solier
172790401,Jasmin Tabatabai,Female,,Jasmin,,Tabatabai,,Jasmin,Tabatabai
172820401,Behi Djanati Atai,,,Behi ,Djanati,Atai,,Behi Djanati,Atai
172830401,Edgar Condori,Male,,Edgar,,Condori,,Edgar,Condori
172840401,Sonia Loaiza,Female,,Sonia,,Loaiza,,Sonia,Loaiza
172850401,Edgar Quispe,Male,,Edgar,,Quispe,,Edgar,Quispe
172860401,Norma Martinez,Female,,Norma,,Martinez,,Norma,Martinez
173560401,Yaniv Schulman,Male,,Yaniv,,Schulman,,Yaniv,Schulman
173570401,Ariel Schulman,Male,,Ariel,,Schulman,,Ariel,Schulman
173580401,Henry Joost,Male,,Henry,,Joost,,Henry,Joost
173590401,Angela Pierce,Female,,Angela,,Pierce,,Angela,Pierce
173600401,Vince Pierce,Male,,Vince,,Pierce,,Vince,Pierce
173610401,Abby Pierce,Female,,Abby,,Pierce,,Abby,Pierce
173790401,Casey Labow,,,Casey,,Labow,,Casey,Labow
174750401,Walt Dohrn,Male,,Walt,,Dohrn,,Walt,Dohrn
174830401,Pierre Coffin,Male,,Pierre,,Coffin,,Pierre,Coffin
174840401,Chris Renaud,Male,,Chris,,Renaud,,Chis,Renaud
174920401,Robert Schwentke,Male,,,,,,Robert,Schwentke
176830401,Tom McGrath,Male,,Tom,,McGrath,,Tom,McGrath
177550401,Simonetta Amenta,Female,,Simonetta,,Amenta,,Simonetta,Amenta
177560401,Tilde Corsi,,,Tilde,,Corsi,,Tilde,Corsi
177570401,Gianni Romoli,,,Gianni,,Romoli,,Gianni,Romoli
177590401,Marco Amenta,Male,,Marco,,Amenta,,Marco,Amenta
177600401,Sergio Donati,Male,,Sergio,,Donati,,Sergio,Donati
178770401,Danny Dimbort,Male,,Danny,,Dimbort,,Danny,Dimbort
178780401,Trevor Short,Male,,Trevor,,Short,,Trevor,Short
179440401,Broderick Johnson,Male,,Broderic,,Johnson,,Broderic,Johnson
179480401,Steven P. Wegner,Male,,Steven,P.,Wegner,,Steven P.,Wegner
179640401,Heino Deckert,Male,,Heino,,Deckert,,Heino,Deckert
179650401,Peter Brosens,Male,,Peter,,Brosens,,Peter,Brosens
179660401,Jessica Woodworth,Female,,Jessica,,Woodworth,,Jessica,Woodworth
181060401,Marc Smerling,Male,,Marc,,Smerling,,Marc,Smerling
181070401,Zac Stuart-Pontier,Male,,Zac,,Stuart-Pontier,,Zac,Stuart-Pontier
182190401,Melissa Rosenberg,Female,,Melissa ,,Rosenberg,,Melissa,Rosenberg
182300401,Carter Burwell,Male,,Carter,,Burwell,,Carter,Burwell
182320401,Christophe Beck,Male,,,,,,Christophe,Beck
182350401,Danny Elfman,Male,,Daniel,Robert,Elfman,,Danny,Elfman
184800401,Michael Giacchino,Male,,Michael,,Giacchino,,Michael,Giacchino
185880401,Avi Lerner,Male,,Avi,,Lerner,,Avi,Lerner
188050401,Enver Gjokaj,Male,,Enver,,Gjokaj,,Enver,Gjokaj
188060401,Holly Wiersma,Female,,Holly,,Wiersma,,Holly,Wiersma
188070401,Jordan Schur,,,Jordan,,Schur,,Jordan,Schur
188080401,David Mimran,Male,,David,,Mimran,,David,Mimran
188090401,Rene Besson,Female,,Rene,,Besson,,Rene,Besson
188100401,Ed Cathell III,Male,,Ed,,Cathell,,Ed,Cathell III
188110401,Will French,Male,,Will,,French,,Will,French
188120401,Stephen Roberts,Male,,Stephen,,Roberts,,Stephen,Roberts
188130401,John Curran,Male,,John,,Curran,,John,Curran
188140401,Angus MacLachlan,Male,,Angus,,MacLachlan,,Angus,MacLachlan
188320401,Lorenzo di Bonaventura,Male,,Lorenzo,,di Bonaventura,,Lorenzo,de Bonaventura
188330401,Gregory Noveck,Male,,Gregory,,Noveck,,Gregory,Noveck
188340401,Jake Myers,Male,,Jake,,Myers,,Jake,Myers
188350401,David Ready,Male,,David,,Ready,,David,Ready
188360401,Jon Hoeber,Male,,Jon,,Hoeber,,Jon,Hoeber
188370401,Erich Hoeber,Male,,Erich,,Hoeber,,Erich,Hoeber
188380401,Warren Ellis,Male,,Ellis,,Warren,,Ellis,Warren
188390401,Cully Hamner,Male,,Cully,,Hammer,,Cully,Hammer
189130401,Dan O'Meara,Male,,Dan,,O'Meara,,Dan,O'Meara
189140401,Chris Romano,Male,,Chris,,Ramano,,Chris,Ramano
190970401,Chad Troutwine,Male,,Chad,,Troutwine,,Chad,Troutwine
190980401,Michael Roban,Male,,Michael,,Roban,,Michael,Roban
190990401,Paul Fiore,Male,,Paul,,Fiore,,Paul,Fiore
191000401,Jay Rifkin,Male,,Jay,,Rifkin,,Jay,Rifkin
191010401,Damon Martin,Male,,Damon,,Martin,,Damon,Martin
191020401,Rafi Chaudry,Male,,Rafi,,Chaudry,,Rafi,Chaudry
191030401,Peter Cerbin,Male,,Peter,,Cerbin,,Peter,Cerbin
191040401,Hilary Carr,Female,,Hilary,,Carr,,Hilary,Carr
191050401,Stephen J. Dubner,Male,,Stephen,J.,Dubner,,Stephen,Dubner
191060401,Steven D. Levitt,Male,,Steven,D.,Levitt,,Steven D.,Levitt
192020401,Scoot McNairy,Male,,Scoot ,,McNairy,,Scoot,McNairy
192030401,Whitney Able,Female,,Whitney,,Able,,Whitney,Able
192040401,Allan Niblo,Male,,Allen,,Niblo,,Allen,Niblo
192050401,James Richardson,Male,,James,,Richardson,,James,Richardson
192060401,Nigel Williams,Male,,Nigel,,Williams,,Nigel,Williams
192070401,Nick Love,Male,,,,,,Nick,Love
192080401,Rupert Preston,Male,,Rupert,,Preston,,Rupert,Preston
192090401,Gareth Edwards,Male,,Gareth,,Edwards,,Gareth,Edwards
194010401,Alan Schoolcraft,Male,,Alan,,Schoolcraft,,Alan,Schoolcraft
194020401,Brent Simons,Male,,Brent,,Simons,,Brent,Simons
194040401,Lorne Balfe,,,Lorne,,Balfe,,Lorne,Balfe
194870401,Paul Fitzgerald,Male,,Pual,,Fitzgerald,,Paul,Fitzgerald
194880401,Dominic Fumusa,Male,,Dominic,,Fumusa,,Dominic,Fumusa
194890401,Alexa L. Fogel,Female,,Alexa ,L.,Fogel,,Alexa L.,Fogel
194900401,Brendan Mason,Male,,Brendan,,Mason,,Brendan,Mason
194910401,Joseph Infantolino,Male,,Joseph,,Infantolino,,Joseph,Infantolino
198540401,Dong-Gun Jang,Male,,Jang,,Dong-Gun,,Jang,Dong-Gun
198550401,Sngmoo Lee,Male,,Sngmoo,,Lee,,Sngmoo,Lee
198560401,Barrie M. Osborne,Male,,Barrie,M.,Osborne,,Barrie M.,Osborne
198570401,Jooick Lee,Male,,Jooick,,Lee,,Jooick,Lee
198720401,Andrew Jarecki,Male,,,,,,Andrew,Jarecki
199050401,Heitor Pereira,,,,,,,Heitor,Pereira
199840401,Mark Isham,,,,,,,Mark,Isham
201530401,Michael Wilkinson,Male,,Michael,,Wilkinson,,Michael,Wilkinson
202560401,Steve Alterman,Male,,Steve,,Alterman,,Steve,Alterman
202570401,Stephen F. Apostolina,Male,,Stephen ,F.,Apostolina,,Stephen F.,Apostolina
203270401,Nathan Crowley,,,,,,,Nathan,Crowley
203690401,Rick Heinrichs,Male,,,,,,Rick,Heinrichs
203780401,Ken Schretzmann,,,,,,,Ken,Schretzmann
204170401,Chris Lebenzon,Male,,,,,,Chris,Lebenzon
204280401,Don Hahn,Male,,Don,,Hahn,,Don,Hahn
204340401,Chris Miller,Male,,Chris,,Miller,,Chris,Miller
205090401,Wyck Godfrey,,,Wyck,,Godfrey,,Wyck,Godfrey
205100401,Stephenie Meyer,Female,,Stephenie,,Meyer,,Stephenie,Meyer
205630401,Michael Corenblith,Male,,Michael,,Conrenblith,,Michael,Conrenblith
205760401,Dan Mindel,Male,,Dan,,Mindel,,Dan,Mindel
206140401,Janet Healy,Female,,Janet,,Healy,,Janet,Healy
206150401,Christopher Meledandri,Male,,Christopher,,Meledandri,,Christopher,Meledandri
206570401,Mike Mitchell,Male,,Mike,,Mitchell,,Mike,Mitchell
206830401,Colin Wilson,Male,,Colin,,Wilson,,Colin,Wilson
208480401,Jim Morris,Male,,Jim,,Morris,,Jim,Morris
214690401,James Daniel Wilson,Male,,James,Daniel,Wilson,,James Daniel,Wilson
220110401,Mark Swift,Male,,Mark,,Swift,,Mark,Swift
220260401,Stephen Kearin,Male,,Stephen,,Kearin,,Stephen,Kearin
224810401,Robert Capron,Male,,Robert,,Capron,,Robert,Capron
225860401,Brian Lynch,Male,,Brian,,Lynch,,Brian,Lynch
228940401,Paul Schnee,Male,,Paul,,Shenee,,Paul,Shenee
233530401,Marcia Ross,Female,,Marcia,,Ross,,Marcia,Ross
236100401,Susan Lyall,Female,,Susan,,Lyall,,Susan,Lyall
241480401,Chris Corbould,Male,,Chris,,Corbould,,Chris,Corbould
247590401,Florian Ballhaus,Male,,Florian,,Ballhaus,,Florian,Ballhaus
257660401,James Pizzinato,Male,,,,,,James,Pizzinato
258110401,Debra Zane,Female,,,,,,Debra,Zane
265740401,Angela Sarafyan,Female,,,,,,Angela,Sarafyan
266440401,Danny Jacobs,Male,,,,,,Danny,Jacobs
271240401,Cozi Zuehlsdorff,Female,,,,,,Cozi,Zuehlsdorff
271250401,Austin Stowell,Male,,,,,,Austin,Stowell
271260401,Austin Highsmith,Male,,,,,,Austin,Highsmith
271270401,Betsy Landin,Female,,,,,,Betsy,Landin
271280401,Juliana Harkavy,Female,,,,,,Juliana,Harkavy
271290401,Megan Lozicki,Female,,,,,,Megan,Lozicki
271310401,Kim Ostrenko,Female,,,,,,Kim,Ostrenko
271320401,Michael Roark,Male,,,,,,Michael,Roark
271330401,Tom Nowicki,Male,,,,,,Tom,Nowicki
271340401,Rus Blackwell,Male,,,,,,Rus,Blackwell
271350401,Jennifer De Castroverde,Female,,,,,,Jennifer,De Castroverde
271360401,Denise Durette,Female,,,,,,Denise,Durette
271370401,Vivian Ruiz,Female,,,,,,Vivian,Ruiz
271380401,Laila Harris,Female,,,,,,Laila,Harris
271390401,Stacy-Ann Rose,Female,,,,,,Stacy-Ann,Rose
271400401,Kurt Yaeber,Male,,,,,,Kurt,Yaeber
271410401,Mike Maki,Male,,,,,,Mike,Maki
271420401,Nicholas Turner Martin,Male,,,,,,Nicholas,Turner Martin
271430401,"Carlos Guerrero, Jr.",Male,,,,,,Carlos,Guerrero
271440401,Paul Amaki,Male,,,,,,Paul,Amaki
271450401,Charlotte Connick,Female,,,,,,Charlotte,Connick
271460401,Karen Janszen,Female,,,,,,Karen,Janszen
271470401,Noam Dromi,Male,,,,,,Noam,Dromi
271480401,Richard Ingber,Male,,,,,,Richard,Ingber
271490401,Robert Engelman,Male,,,,,,Robert,Engelman
271500401,Carl Walter Lindenlaub,Male,,,,,,Carl,Walter Lindenlaub
271510401,Harvey Rosenstock,Male,,,,,,Harvey,Rosenstock
271520401,Hope Hanafin,Female,,,,,,Hope,Hanafin
271530401,Robert Munroe,Male,,,,,,Robert,Munroe
271540401,Yolanda T. Cochran,Female,,,,,,Yolanda T.,Cochran
271550401,Deva Anderson,Female,,,,,,Deva,Anderson
288580401,Ava Acres,Female,,,,,,Ava,Acres
289200401,Mark Andrews,Male,,,,,,Mark,Andrews
289210401,Christian Sloan,Male,,,,,,Christian,Sloan
289220401,Ian Harmon,Male,,,,,,Ian,Harmon
289230401,Gabriel Carter,Male,,,,,,Gabriel,Carter
289240401,Angelo Renai,Male,,,,,,Angelo,Renai
289250401,Paul Becker,Male,,,,,,Paul,Becker
289260401,Stephanie Moseley,Female,,,,,,Stephanie,Moseley
289270401,Tanaya Beatty,Female,,,,,,Tanaya,Beatty
289280401,Sienna Joseph,Female,,,,,,Sienna,Joseph
289290401,Carolina Virguez,Female,,,,,,Carolina,Virguez
289300401,Sebastiao Lemos,Male,,,,,,Sebastiao,Lemos
289310401,Kimani Ray Smith,Male,,,,,,Kimani Ray,Smith
289320401,Tora Hylands,Female,,,,,,Tora,Hylands
289330401,Mackenzie Foy,Female,,,,,,Mackenzie,Foy
289340401,Ali Faulkner,Female,,,,,,Ali,Faulkner
289350401,Bill Bannerman,Male,,,,,,Bill,Bannerman
289360401,Richard Sherman,Male,,,,,,Richard,Sherman
289370401,John Bruno,Male,,,,,,John,Bruno
295430401,Julianne Jordan,Female,,,,,,Julianne,Jordan
296490401,Bob Bergen,Male,,Robert,,Bergen,,Bob,Bergen
300070401,Michael Chapman,Male,,,,,,Michael,Chapman
303020401,Lindsey Collins,Female,,,,,,Lindsey,Collins
306590401,Thom Noble,Male,,,,,,Thom,Noble
311500401,Christopher Boyes,Male,,,,,,Christopher,Boyes
311760401,Tom Johnson,Male,,,,,,Tom,Johnson
311930401,Gary A. Rizzo,Male,,,,,,Gary A.,Rizzo
313430401,Leslee Feldman,Female,,,,,,Leslee,Feldman
314870401,Brandt Gordon,Male,,,,,,Brandt,Gordon
315110401,Eric Guillon,Male,,,,,,Eric,Guillon
316010401,Susan Whitaker,Female,,,,,,Susan,Whitaker
316040401,Paki Smith,,,,,,,Paki,Smith
318180401,Alec Hammond,Male,,,,,,Alec,Hammond
318380401,Dean Wolcott,Male,,,,,,Dean,Wolcott
320300401,Jeff Fischer,Male,,,,,,Jeff,Fischer
322320401,Glen Gauthier,Male,,,,,,Glen,Gauthier
322430401,John King,Male,,,,,,John,King
322450401,Phil Harvey,Male,,,,,,Phil,Harvey
322480401,Shawn Murphy,Male,,,,,,Shawn,Murphy
323920401,Jonathan Null,Male,,,,,,Jonathan,Null
328500401,Chris Munro,Male,,,,,,Chris,Munro
329840401,Claire Dodgson,Female,,,,,,Claire,Dodgson
329850401,Steven Liu,Male,,,,,,Steven,Liu
329860401,Kyle Balda,Male,,,,,,Kyle,Balda
329880401,Nathalie Vaincauwenberghe,Female,,,,,,Nathalie,Vaincauwenberghe
332030401,Edgar Rice Burroughs,Male,,,,,,Edgar Rice,Burroughs
332040401,James Hambidge,Male,,,,,,James,Hambidge
332050401,Mark Harris,Male,,,,,,Mark,Harris
332060401,Joseph Hodges,Male,,,,,,Joseph,Hodges
332070401,Robert Woodruff,Male,,,,,,Robert,Woodruff
332080401,Scott Zuber,Male,,,,,,Scott,Zuber
332090401,Timothy Nielsen,Male,,,,,,Timothy,Nielsen
332100401,Scott R. Fisher,Male,,,,,,Scott R.,Fisher
332110401,Peter Chiang,Male,,,,,,Peter,Chiang
332120401,Sue Rowe,Female,,,,,,Sue,Rowe
332130401,Eamonn Butler,Male,,,,,,Eamonn,Butler
332140401,Tom Struthers,Male,,,,,,Tom,Struthers
332150401,Robert Bruce McCleery,Male,,,,,,Robert Bruce,McCleery
332260401,Allison Abbate,Female,,,,,,Allison,Abbate
343530401,Derek Frey,Male,,,,,,Derek,Frey
344050401,Dennis Leonard,Male,,,,,,Dennis,Leonard
354930401,Jeremy Bowker,Male,,,,,,Jeremy,Bowker
367460401,Jon Title,Male,,,,,,Jon,Title
367480401,Laird McMurray,Male,,,,,,Laird,McMurray
367490401,James Madigan,Male,,,,,,James,Madigan
367500401,Jamie Jones,Male,,,,,,Jamie,Jones
367510401,Andrew Robinson,Male,,,,,,Andrew,Robinson
367520401,Myron Hoffert,Male,,,,,,Myron,Hoffert
367530401,Gary Capo,Male,,,,,,Gary,Capo
367540401,David Harrington,Male,,,,,,David,Harrington
368840401,Mireille Soria,Female,,,,,,Mireille,Soria
368860401,Shannon Jeffries,Male,,,,,,Shannon,Jeffries
368920401,Christi Soper,Female,,,,,,Christi,Soper
370180401,Philippe Gluckman,Male,,,,,,Philippe,Gluckman
370740401,Trey Thomas,Male,,,,,,Trey,Thomas
377640401,Jim Bigham,Male,,,,,,Jim,Bigham
390160401,Carolyn Loucks,Female,,,,,,Carolyn,Loucks
391450401,John Kassir,Male,,,,,,John,Kassir
403680401,Christie Burke,Female,,,,,,Christie,Burke
410110401,Brad Arensman,Male,,,,,,Brad,Arensman
410270401,Philip Patterson,Male,,,,,,Philip,Patterson
410280401,Meaghan F. McLaughlin,Female,,,,,,Meaghan F.,McLaughlin
410290401,Carl Rogers,Male,,,,,,Carl,Rogers
415740401,Atticus Shaffer,Male,,,,,,Atticus,Shaffer
415750401,James Hiroyuki Liao,Male,,,,,,James,Hiroyuki Liao
415760401,Lenny Ripps,Male,,,,,,Lenny,Ripps
415780401,Peter Sorg,Male,,,,,,Peter,Sorg
415790401,Mark Solomon,Male,,,,,,Mark,Solomon
415800401,Connie Nartonis Thompson,Male,,,,,,Connie,Nartonis Thompson
415810401,Simon Quinn,Male,,,,,,Simon,Quinn
415820401,Joan Schneider,Female,,,,,,Joan,Schneider
415830401,Melissa Rogers,Female,,,,,,Melissa,Rogers
415850401,Kev Harwood,Male,,,,,,Kev,Harwood
415860401,Mark Waring,Male,,,,,,Mark,Waring
415870401,Tim Ledbury,Male,,,,,,Tim,Ledbury
418660401,Dave McMoyler,Male,,,,,,Dave,McMoyler
419050401,Bill Tangradi,Male,,,,,,Bill,Tangradi
429390401,Raphael Berdugo,Male,,,,,,Raphael,Berdugo
436030401,Billy Wagenseller,Male,,,,,,Billy,Wagenseller
436040401,Andrea Gabriel,Female,,,,,,Andrea,Gabriel
436050401,Judi Shekoni,Female,,,,,,Judi,Shekoni
436060401,John Edward Lee,Male,,,,,,John Edward,Lee
436070401,Lisa Howard,Female,,,,,,Lisa,Howard
436080401,Marlane Barnes,Female,,,,,,Marlane,Barnes
436090401,Toni Trucks,Female,,,,,,Toni,Trucks
436100401,Eric Odom,Male,,,,,,Eric,Odom
436110401,Valorie Curry,Female,,,,,,Valorie,Curry
436120401,Pacey Gillespie,,,,,,,Pacey,Gillespie
436130401,Brayden Jimmie,Male,,,,,,Brayden,Jimmie
436140401,Gabrial Swo Wo,,,,,,,Swo Wo,Gabriel
436150401,Guri Weinberg,,,,,,,Guri,Weinberg
436160401,Amdouly,,,,,,,,Amdouly
436170401,Janelle Froehlich,Female,,,,,,Janelle,Froehlich
436180401,Masami Kosaka,Female,,,,,,Masami,Kosaka
436190401,Marisa Quinn,Female,,,,,,Marisa,Quinn
436200401,Abigail Cornell,Female,,,,,,Abigail,Cornell
436210401,Isabella Ianuzzi,Female,,,,,,Isabella,Ianuzzi
436220401,Milli Wilkinson,Female,,,,,,Milli,Wilkinson
436230401,Eliza Faria,Female,,,,,,Eliza,Faria
436240401,Tate Clemons,Female,,,,,,Tate,Clemons
436250401,Taylor Diane Robinson,Female,,,,,,Taylor Diane,Robinson
436260401,Kailyn Stratton,Female,,,,,,Kailyn,Stratton
436270401,Rachel St. Gelais,Female,,,,,,Rachel,St. Gelais
436280401,Blythe Barrington-Hughes,Female,,,,,,Blythe,Barrington-Hughes
436290401,Terry Windell,Male,,,,,,Terry,Windell
436300401,Ian Slater,Male,,,,,,Ian,Slater
448440401,Paul Thornley,Male,,,,,,Paul,Thornley
468590401,Jonathan Harman,Male,,,,,,Jonathan,Harman
484300401,Slamm Andrews,Male,,,,,,Slamm,Andrews
501980401,Lynnanne Zager,Female,,,,,,Lynnanne,Zager
502000401,Jennifer Dahlman,Female,,,,,,Jennifer,Dahlman
502130401,Susan Erokan,Female,,,,,,Susan,Erokan
518210401,James Kevin Ward,Male,,,,,,James Kevin,Ward
518240401,Laurent De La Chapelle,,,,,,,Laurent,De La Chapelle
518250401,Pierre Avon,Male,,,,,,Pierre,Avon
518300401,Emmanuel Vergne,Male,,,,,,Emmanuel,Vergne
518320401,Loic Rastout,Male,,,,,,Loic,Rastout
518330401,Paul Mager,Male,,,,,,Paul,Mager
614130401,Craig Kellman,Male,,,,,,Craig,Kellman
621530401,Lewis Macleod,Male,,,,,,Lewis,Macleod
628250401,Al Rodrigo,Male,,,,,,Al,Rodrigo
677000401,Dave Rosenberg,Male,,,,,,Dave,Rosenberg
715600401,Robert Taylor,Male,,,,,,Robert,Taylor
735510401,Keith Ferguson,Male,,,,,,Keith,Ferguson
737550401,Susan Fitzer,Female,,,,,,Susan,Fitzer
738460401,Tripp Hudson,,,,,,,Tripp,Hudson
738540401,Olivier Adam,Male,,,,,,Olivier,Adam
764600401,Cullen McCarthy,Male,,,,,,Cullen,McCarthy
764750401,Laura Grieve,Female,,,,,,Laura,Grieve
764840401,David Lux,Male,,,,,,David,Lux
764850401,Claire Morrissey,Female,,,,,,Claire,Morrissey
764940401,Dawn Yamada,Female,,,,,,Dawn,Yamada
779620401,Josh Gold,Male,,,,,,Josh,Gold
783130401,Simon J. Smith,Male,,,,,,Simon J.,Smith
799400401,John Aboud,Male,,,,,,John,Aboud
799410401,Michael Colton,Male,,,,,,Michael,Colton
809710401,John M. Morse,Male,,,,,,John M.,Morse
821730401,Lara Brey,Female,,,,,,Lara,Brey
821740401,Chris Knights,Male,,,,,,Chris,Knights
821750401,Annett Mahendru,Female,,,,,,Annett,Mahendru
930010401,Kapil Sharma,,,,,,,Kapil,Sharma
944790401,Sean Charmatz,Male,,,,,,Sean,Charmatz
944800401,Kelly Cooney,Female,,,,,,Kelly,Cooney
944820401,Carter Hastings,Male,,,,,,Carter,Hastings
944830401,Adriano Aragon,Male,,,,,,Adriano,Aragon
944840401,Billy Eichner,Male,,,,,,Billy,Eichner
944850401,Angie Wu,Female,,,,,,Angie,Wu
944860401,Emily Nordwind,Female,,,,,,Emily,Nordwind
944870401,Jim Pirri,Male,,,,,,Jim,Pirri
944880401,Elizabeth Pan,Female,,,,,,Elizabeth,Pan
944920401,Brandon Sawyer,Male,,,,,,Brandon,Sawyer
944930401,Nick Kenway,Male,,,,,,Nick,Kenway
944940401,Robert Porter,Male,,,,,,Robert,Porter
944950401,Derek Drymon,Male,,,,,,Derek,Drymon
944960401,Conan Low,Male,,,,,,Conan,Low
944970401,Olivier Staphylas,Male,,,,,,Olivier,Staphylas
944980401,Ruben Perez,Male,,,,,,Ruben,Perez
944990401,Damien de Froberville,Male,,,,,,Damien,de Froberville
945000401,Dinesh Krishnan Nair,,,,,,,Dinesh Krishnan,Nair
945010401,Michelle Jurado Staphylas,Female,,,,,,Michelle,Jurado Staphylas
945020401,Jamaal Bradley,Male,,,,,,Jamaal,Bradley
945030401,Rajarajan Ramakrishnan,,,,,,,Rajarajan,Ramakrishnan
945040401,Murali Babu Kodiparthi,,,,,,,Murali Babu,Kodiparthi
945050401,Gregory Jennings,Male,,,,,,Gregory,Jennings
945060401,Raju Vaidya,,,,,,,Raju,Vaidya
945070401,Vimal Subramaniam,,,,,,,Vimal,Subramaniam
945080401,Josh West,Male,,,,,,Josh,West
945090401,J.J. Jay,,,,,,,J.J.,Jay
945100401,Nathaniel Dirksen,Male,,,,,,Nathaniel,Dirksen
945110401,Somesh Quadros,,,,,,,Somesh,Quadros
945120401,Erik Mattson,Male,,,,,,Erik,Mattson
945130401,Michael Brainerd,Male,,,,,,Michael,Brainerd
945140401,Chris Leahy,Male,,,,,,Chris,Leahy
945150401,Virendra Chauhan,Female,,,,,,Virendra,Chauhan
945160401,David Torres,Male,,,,,,David,Torres
945170401,Oliver Finkelde,Male,,,,,,Oliver,Finkelde
945180401,Justin Onstine,Male,,,,,,Justin,Onstine
945200401,Shawn Lewis,Male,,,,,,Shawn,Lewis
945210401,Hoon H. Kim,,,,,,,Hoon H.,Kim
945220401,Josh Lieberman,Male,,,,,,Josh,Lieberman
945230401,Ken Morrissey,Male,,,,,,Ken,Morrissey
945240401,Dave Needham,Male,,,,,,Dave,Needham
945250401,Vi-Dieu Nguyen,,,,,,,Vi-Dieu,Nguyen
945260401,Xavier Riffault,Male,,,,,,Xavier,Riffault
945270401,Januel Mercado,,,,,,,Januel,Mercado
945280401,Eric Ramsey,Male,,,,,,Eric,Ramsey
945290401,Jessica Ambinder-Rojas,Female,,,,,,Jessica,Ambinder-Rojas
945360401,John Dorst,Male,,,,,,John,Dorst
945370401,Will Erokan,Male,,,,,,Will,Erokan
945380401,Christa Di Falco,Female,,,,,,Christa,Di Falco
945390401,Brian A. Perry,Male,,,,,,Brian A.,Perry
945400401,Tiffany Hillkurtz,Female,,,,,,Tiffany,Hillkurtz
945410401,Lynn Hobson,,,,,,,Lynn,Hobson
945420401,Ryan Genji Thomas,Male,,,,,,Ryan Genji,Thomas
945430401,Chris Ayers,Male,,,,,,Chris,Ayers
945440401,Joe Moshier,Male,,,,,,Joe,Moshier
945450401,Oliver Tossan,Male,,,,,,Oliver,Tossan
945460401,Gris Grimly,,,,,,,Gris,Grimly
945470401,Jeremie Moreau,Male,,,,,,Jeremie,Moreau
945480401,David Edmunds,Male,,,,,,David,Edmunds
945500401,Rakesh Patil,Male,,,,,,Rakesh,Patil
945510401,Samantha Finkler Brainerd,Female,,,,,,Samantha,Finkler Brainerd
945520401,Rachel Hanson,Female,,,,,,Rachel,Hanson
945530401,Shajo John,,,,,,,Shajo,John
945540401,Manish Kumar,Male,,,,,,Manish,Kumar
945550401,George M. Kurian,Male,,,,,,George M.,Kurian
945560401,Siddhant Mehta,,,,,,,Siddhant,Mehta
945570401,Prasanjib Nag,,,,,,,Prasanjib,Nag
945580401,Prashanth Cavale,,,,,,,Prashanth,Cavale
945590401,Nideep Varghese,,,,,,,Nideep,Varghese
945600401,Ravi Kamble Govind,,,,,,,Ravi,Kamble Govind
945610401,Sujit Chatterjee,,,,,,,Sujit,Chatterjee
945620401,Ketan Adhikari,,,,,,,Ketan,Adhikari
945630401,Tanseer Ahmed,,,,,,,Tanseer,Ahmed
945640401,Balaji Anbalagan,,,,,,,Balaji,Anbalagan
945650401,Kevin Andrus,Male,,,,,,Kevin,Andrus
945660401,Anand Baid,,,,,,,Anand,Baid
945670401,Rajesh P.K.,,,,,,,Rajesh,P.K.
951900401,Luke Dunn Gielmuda,Male,,,,,,Luke,Dunn Gielmuda
1069870401,Alex Dowding,Male,,,,,,Alex,Dowding
1069880401,Daniel Barker,Male,,,,,,Daniel,Barker
1069890401,Melanie Bond,Female,,,,,,Melanie,Bond
1069900401,Brian T. Delaney,Male,,,,,,Brian T.,Delaney
1069910401,Helen Fraser,Female,,,,,,Helen,Fraser
1069920401,Charlie Hayes,Male,,,,,,Charlie,Hayes
1069930401,Eve Karpf,Female,,,,,,Eve,Karpf
1069940401,Gary Martin,Male,,,,,,Gary,Martin
1069950401,Chris Ragland,Male,,,,,,Chris,Ragland
1069960401,Zachary Rice,Male,,,,,,Zachary,Rice
1069970401,Cole Sand,Male,,,,,,Cole,Sand
1069980401,Will Vanderpuye,Male,,,,,,Will,Vanderpuye
1069990401,Colette Whitaker,Female,,,,,,Colette,Whitaker
1070000401,Brett Hoffman,Male,,,,,,Brett,Hoffman
1070010401,Bruno Dequier,Male,,,,,,Bruno,Dequier
1070020401,Pierre Leduc,Male,,,,,,Pierre,Leduc
1070030401,Simon Cuisinier,Male,,,,,,Simon,Cuisinier
1070040401,Luc Degardin,Male,,,,,,Luc,Degardin
1070050401,Christophe Delisle,Male,,,,,,Christophe,Delisle
1070060401,Jonathan Del Val,Male,,,,,,Jonathan,Del Val
1070070401,Audrey Fobis,Female,,,,,,Audrey,Fobis
1070080401,Ludovic Savonniere,Male,,,,,,Ludovic,Savonniere
1070090401,Elisabeth Patte,Female,,,,,,Elisabeth,Patte
1070100401,Christele Jolens,,,,,,,Christele,Jolens
1070110401,David Rodrigues,Male,,,,,,David,Rodrigues
1070120401,Dave Rosenbaum,Male,,,,,,Dave,Rosenbaum
1070130401,Prakash Patel,,,,,,,Prakash,Patel
1070140401,Lisa Shaw Phillips,Female,,,,,,Lisa,Shaw Phillips
1070150401,Rachel Brennan,Female,,,,,,Rachel,Brennan
1070160401,Didier Ah-Koon,Male,,,,,,Didier,Ah-Koon
1070170401,Marco Allard,Male,,,,,,Marco,Allard
1070180401,Eric Delbecq,Male,,,,,,Eric,Delbecq
1070190401,Antoine Ettori,Male,,,,,,Antoine,Ettori
1070200401,Serguei Kouchnerov,Male,,,,,,Serguei,Kouchnerov
1070210401,Habib Louati,Male,,,,,,Habib,Louati
1070220401,Nolwenn Roberts,,,,,,,Nolwenn,Roberts
1070230401,Vincent Massy De La Chesneraye,Male,,,,,,Vincent,Massy De La Chesneraye
1070240401,Charlotte Hutchinson,Female,,,,,,Charlotte,Hutchinson
1070250401,Brett Nystul,Male,,,,,,Brett,Nystul
1070260401,Thomas Reteuna,Male,,,,,,Thomas,Reteuna
1070270401,Alexandre Saint-Martin,Male,,,,,,Alexandre,Saint-Martin
1070300401,Jeannine Berger,Female,,,,,,Jeannine,Berger
